,0,1,2,3,4,5,6,7,8,9,10,11,12,13,14,15,16,17,18,19,20,21,22,23,24,25,26
7030,de Bordeaux / Marie-Anne,45.53340913,-73.57065707,,,,,,,,,,,,,,,,,2151.0,,,,,,,
6141,de Bordeaux / Rachel,45.532270000000004,-73.56828,,,,,,,,,,,,,,1399.0,1205.0,,,1650.0,,,,,,
6100,Mackay / de Maisonneuve,45.496590000000005,-73.57851,,86.0,,,,826.3333333333334,126.0,,2245.0,1212.0,2265.0,227.57142857142858,728.2,780.8,887.5,1296.6,883.7142857142857,1077.5833333333333,856.1428571428571,1357.75,1230.5454545454545,1152.5454545454545,1372.75,1244.3333333333333
6064,Métro Peel (de Maisonneuve / Stanley),45.50038,-73.57507,,214.0,171.0,,,,,200.0,201.5,555.375,203.7058823529412,205.0,706.3333333333334,279.3888888888889,211.73333333333332,218.64705882352942,253.125,199.56,242.36363636363637,177.85714285714286,196.75,306.77777777777777,572.3333333333334,138.0
6730,35e avenue / Beaubien,45.570081,-73.573047,,,,,,,,,,,,,,,,,,,,,,,,
6396,Métro Pie-IX (Pierre-de-Coubertin / Pie-IX),45.55421376,-73.55155975,,,,,,,,,,,,,,3771.5,,,,,,,,,,
6108,Logan / Fullum,45.52844869,-73.551085,,1286.0,,,,,,,,,,,,,,,,,,1459.0,1148.0,,,
6114,Métro Papineau (Cartier / Ste-Catherine),45.52353,-73.55199,,1370.5,,,,,,,,,693.0,,,,,987.0,1467.0,1175.0,,1711.0,1231.0,1270.0,,1110.0
6223,du Mont-Royal / du Parc,45.516999999999996,-73.589,,,,,,,,,,,,,1072.0,1629.0,,,,,,,1233.0,,,853.0
6233,Bernard / Jeanne-Mance,45.52428648,-73.60497326,,,,,,,,,,,,,,,,2449.0,,,,,,,,
6043,Square Victoria (Viger / du Square-Victoria),45.50206,-73.56295,,,,,,,,,,,602.0,626.0,873.5,522.0,1017.0,,,,509.0,,,,,
6041,St-Jacques / Gauvin,45.500674,-73.561082,546.0,,,,531.0,,,1245.0,,,,,566.0,718.0,487.0,,1168.5,,1132.4,2278.0,543.0,621.5,767.0,476.0
6397,Marché Maisonneuve,45.55321884,-73.53978217,,,1283.0,,,,,,,,,,,,,,,,,,,,,
6007,de l'Hôtel-de-Ville / Ste-Catherine,45.51167258,-73.56204182,,,,,,,,,,,738.5,,982.3333333333334,880.0,,,681.5,750.3333333333334,1447.5,707.0,1674.0,802.0,716.5,
6073,de Maisonneuve / Aylmer,45.50501,-73.57069,1078.0,350.6666666666667,,,,,,,417.5,391.0,413.2307692307692,458.14285714285717,682.2,485.75,441.6666666666667,429.5833333333333,408.0,635.1111111111111,431.375,,781.0,589.0,796.4285714285714,354.75
6027,de Maisonneuve / Mansfield (ouest),45.50205386,-73.57346535,,,3355.6,,,,,,291.0,498.6666666666667,307.2,289.85714285714283,254.25,301.0,317.5,452.25,323.5,298.5,360.6666666666667,314.5,653.6666666666666,,,
6107,St-Mathieu /Ste-Catherine,45.493718,-73.57918599999999,2084.0,1103.0,,,,,,,,,145.0,193.66666666666666,601.8,189.66666666666666,168.0,196.75,373.6,155.5,555.2222222222222,737.0,195.2,507.25,,
6137,Gauthier / Papineau,45.529692600000004,-73.56740087,,1248.0,,,,,,,,,,,,,,,,,1720.0,1214.0,,,,
6138,Gauthier / de Lorimier,45.53167355,-73.56541336,1011.0,,,,,,,,,,,,,,,,,,1677.0,,,,,
6095,Chomedey / de Maisonneuve,45.49180028,-73.58400643,632.0,234.5,227.0,184.0,475.0,,201.33333333333334,303.5,,312.5,329.1666666666667,304.0,294.0,335.09090909090907,287.46666666666664,447.90909090909093,417.85714285714283,296.25,395.2142857142857,417.0,297.9230769230769,283.57142857142856,426.0,262.5
6005,de la Cathédrale / René-Lévesque,45.49923715,-73.56944203,1531.5,,,,,,,388.6666666666667,,517.6666666666666,,374.0,1023.6666666666666,,558.6666666666666,696.0,839.2857142857143,381.6666666666667,,447.0,,,,
6072,Metcalfe / de Maisonneuve,45.50171495,-73.57413054,,242.0,284.0,738.0,,,,262.0,,277.0,390.0,317.5,281.3333333333333,268.0,280.0,267.1666666666667,288.22222222222223,243.0,250.5,316.0,248.0,239.5,242.5,
6012,Métro St-Laurent (de Maisonneuve / St-Laurent),45.510659999999994,-73.56497,938.0,562.5,587.0,,,,,,,506.0,1551.0,771.0,753.2,623.0,821.4285714285714,910.9230769230769,740.5,665.6666666666666,826.6,772.5714285714286,926.0,851.25,596.0,1503.5
6710,Georges-Baril / Fleury,45.55837563,-73.65884408,,,,,,,,,,,,,,,,,,,,,,,,
7005,Marquette / Fleury,45.56735206,-73.65378745,,,,,,,,,,,,,,,,,,,,,,,,
6191,St-Zotique / Clark,45.531401,-73.612674,,,,,,,,,,,,,,,,,,1936.0,,,,,,
6262,de la Roche /  de Bellechasse,45.53715923,-73.59747648,,,,,,,,,,,,,,,,,,,,,,,,
6061,McGill College / Ste-Catherine,45.50192926,-73.57145101,199.0,,,,,,355.0,,263.0,,293.7692307692308,398.5,466.875,346.8333333333333,344.2,352.8,434.2,349.0,467.0,481.0,,,,
4000,Jeanne-d'Arc / Ontario,45.54945734,-73.54164898,,,,,,,,,,,,,,,,,,,,2308.0,,,,
6700,de la Salle / Ste-Catherine,45.54996329,-73.53443384,,,,,,,,,,,,,,,,2367.0,,,,,,,,
7083,Parc de Bullion (de Bullion / Prince-Arthur),45.51560426,-73.57213497,,641.0,,729.0,,,,,,,,,,,,,797.0,1092.5714285714287,699.0,,,,,
7043,Ernest-Gendreau / du Mont-Royal,45.54971373,-73.56384829,,,,,,,,,,,,,,,,,,,,,,,,
6361,Molson / Beaubien,45.5496859,-73.59115452,,,,,,,,,,,,,,,,,,,,,,,,
6278,Louis-Hébert / St-Zotique,45.55001,-73.59576,,,,,,,,,,,,,,,,,,,,,,,,
6248,St-Dominique / Rachel,45.518593,-73.58156600000001,,1054.5,,,,,,,,,1081.0,,,1154.3333333333333,,1442.3333333333333,,,1129.0,,1016.0,,1396.0,
6184,Métro Mont-Royal (Rivard / du Mont-Royal),45.524673,-73.58255,1408.75,,,,,,,,,,,,,,,,,,1354.0,,,,1144.0,
7019,Casgrain / St-Viateur,45.52751293,-73.59879076,,,,,,,,,,,,,,1543.0,,,,,,,,,,
7026,Maguire / Henri-Julien,45.527041100000005,-73.59347057,,,,,,,,,,,,,,,,,,,,,,,,
6218,Prince-Arthur / St-Urbain,45.5125874,-73.57373893,,,613.0,,,,,,,714.3333333333334,796.0,,,826.5,764.5,698.0,690.0,617.0,,731.0,,711.0,,703.6666666666666
6015,BAnQ (Berri / de Maisonneuve),45.515299,-73.561273,821.0,981.7142857142857,561.0,,,,,,947.5,828.0,1126.0,1350.2,1241.2,824.0,898.8,874.75,911.6,905.8333333333334,953.75,783.5,944.0,900.0,895.0,2287.0
6152,Chabot / du Mont-Royal,45.53418509,-73.57358873,,,,,,,,,,,,,,,,,1689.0,,,,1815.0,,,
6197,de Bordeaux / Masson,45.5389844,-73.58244538,,,,,,,,,,,,,,,,,,,2058.0,,,,,
6335,du Rosaire / St-Hubert,45.54467,-73.621581,,,,,,,,,,,,,,,,,,,,,,,,
6261,Louis Hémon / Rosemont,45.54459856,-73.58822286,,,,,,,,,,,,,,,,,,,,,,,,
6254,Boyer / Bélanger,45.54006,-73.60897,,,,,,,,,,,,,,,,,,,2161.0,1991.0,,,,
6280,Fairmount / St-Dominique,45.52450499,-73.5941425,,,,,,,,,,,,,,,,1590.0,,,,,,,,1481.0
6227,de l'Esplanade / Laurier,45.52111622,-73.59478354,1179.25,1105.0,,,,,,,,,,1256.0,,1286.0,,1236.0,1615.0,1561.0,,,1034.0,,857.0,1107.5
6060,Stanley / du Docteur-Penfield,45.50252519,-73.58033717,,,489.0,,,,,650.0,,,,,243.0,377.0,,,,434.0,2213.0,820.5,900.0,448.0,,
6159,Ann / William,45.49589439,-73.56009722,,408.0,,,,,,,,,,,402.0,,579.0,600.0,564.5,607.6666666666666,531.6666666666666,,734.5,,,
6748,Young / Wellington,45.49282531,-73.55797827,511.3333333333333,759.0,,,495.0,,,,,,517.5,862.0,,2201.0,928.3333333333334,722.0,1390.0,846.0,615.0,521.0,,,,
6129,de Bordeaux / Sherbrooke,45.52997069,-73.56305301,,,,1322.6666666666667,,,,,,,,,,1450.0,,1403.0,,,,,,,,
6106,Papineau / René-Lévesque,45.52114,-73.54926,,,,,,,,,,,1653.0,,,1674.0,1400.0,,,,,1607.8,,,1405.0,
6147,Calixa-Lavallée / Sherbrooke,45.52479,-73.56545,,,1012.0,,,761.0,,,,,,,,,859.0,,,1369.0,,,,,,
6154,Marquette / du Mont-Royal,45.53229,-73.57544,,,,,,,,,,,,,,,,,,,,,,,,
6364,de Chambly / Rachel,45.54991069,-73.55826259,,2200.5,,,,,,,,,,,,,,,,,,,,,,2386.0
6163,Marquette / Laurier,45.53543,-73.5822,,,,,,,,,,,,,,,,,,,,,,,,
6272,de Bordeaux / St-Zotique,45.54653901,-73.5986647,,,,,,,,,,,,,,,,,,,,,,,,
6267,Chabot / Beaubien,45.54437555,-73.59564453,,,,,,,,,,3115.0,,,,,,,,,,2217.5,2297.0,,,
6411,Clark / Prince-Arthur,45.51330257,-73.57296109,829.0,747.0,,671.0,,,,,707.0,,,,749.0,656.5,1286.0,722.0,797.0,,667.0,687.6666666666666,513.0,620.0,,
6153,Cartier / Marie-Anne,45.532674,-73.571776,,,,,,,,,,,,,,,,,,,,,1617.0,,,
6089,Henri-Julien / du Carmel,45.52783941,-73.59482109999999,,,,,,,,,,,,,,,,,,,,,,,,
7062,William / Robert-Bourassa,45.49716534,-73.55933011,,,,,,,,,,,,,,773.0,,,,,,,,,,
6087,Notre-Dame / de la Montagne,45.49302901,-73.56481791,533.0,350.0,,,,,,,,373.0,448.5,,466.5,498.0,1372.75,279.0,351.3333333333333,947.2,972.0,585.0,367.0,812.5,566.3333333333334,
6720,Ontario / Viau,45.5594818,-73.535496,,,,,,,,,,,,,,,,,2720.5,,,,,,,
6209,Milton / Clark,45.51254135,-73.57067719,824.1666666666666,525.0,590.0,,,,,,585.0,1081.0,572.0,,706.5,744.0,773.0,800.0,932.5,1537.25,902.6666666666666,792.0,676.0,733.0,1263.0,776.0
6070,Milton / University,45.5064484,-73.57634872,453.0,355.0,354.5,,,,484.3333333333333,,463.5,431.0,447.6666666666667,636.75,712.3333333333334,489.14285714285717,500.0,541.7142857142857,564.6666666666666,515.0,516.3333333333334,525.8,475.1666666666667,577.8333333333334,482.1666666666667,566.5
6062,Drummond / Ste-Catherine,45.4986393,-73.57422709,,,218.0,565.0,,,,,,1543.0,,180.0,344.5,173.0,,195.77777777777777,182.0,207.33333333333334,139.0,379.0,138.0,145.57142857142858,183.0,
6031,St-Antoine / St-François-Xavier,45.50454229,-73.55916381,,,,,,,,,,,659.5,1058.0,,1902.0,,,866.0,823.0,,,1443.0,,1765.0,
6200,Maguire / St-Laurent,45.52462849,-73.59581083,,,,,,,,,,,,,,,1607.0,,,,,,,,,1248.0
6750,Frontenac / du Mont-Royal,45.53927089,-73.56837183,,,1656.0,,,,,,,,,,,,,,,,,1303.0,,,,
7029,Cartier / Masson,45.53802074,-73.58352363,,,,,,,,,,,,,,,,,,,,,,,,
6083,Square Phillips,45.50373772,-73.56810629,966.0,,,4501.0,,,643.0,,,,,,538.6666666666666,,422.0,,393.0,,,,474.6666666666667,,,674.0
6407,Charlevoix / Lionel-Groulx,45.48392802,-73.57731164,,,,,,,,,,,752.0,,1000.3333333333334,,637.0,,609.0,,1020.0,,713.5,1656.2,,1037.0
6250,Marché Jean-Talon (Henri-Julien / Jean-Talon),45.53678525,-73.61488796,,,,,,,,,,,,,,,,,,,,,,,,
6237,Gilford / de Lanaudière,45.532008000000005,-73.58044446,,,,,,,,,,,,,,,,,,,,,,1908.0,,
6155,Garnier / du Mont-Royal,45.53092,-73.57674,1816.0,,,,,,,,,,,,,,,,,,,,,,,
6729,St-André / Ste-Catherine,45.51642655,-73.55811238,,1106.5,886.0,,,,,,,,,694.0,1086.5,1182.5,754.0,,1731.5,1057.0,1829.0,1010.0,,956.0,927.0,
6085,Notre-Dame / Peel,45.4952,-73.56328,562.0,,,,,,,,480.6666666666667,618.0,719.0,1107.0,449.0,693.0,627.3333333333334,,1240.3333333333333,752.0,,,,536.0,326.0,
6046,Métro Bonaventure (de la Gauchetière / Mansfield),45.498709999999996,-73.56671,,,,,,,,,410.0,374.0,393.0,,1018.6666666666666,443.6666666666667,645.125,573.5,514.6666666666666,376.5,493.57142857142856,415.5,358.0,374.85714285714283,464.6666666666667,348.5
6247,St-Dominique / St-Zotique,45.53228146,-73.61099146,,1609.0,,,,,,,,,,2076.0,2278.0,,,,,1493.0,,,,,,1821.0
6908,de Bellechasse / de St-Vallier,45.53334868,-73.60113569,,,,,,,,,,,,2081.0,1903.0,,,,,,,,,,,
6196,Villeneuve / St-Laurent,45.52134173,-73.58941913,,1334.0,,,,,,,,,,,,,,,1405.6666666666667,,,,,1527.0,,
6210,Métro Sauvé (Berri / Sauvé),45.55069207,-73.65636706,,,,,,,,,,,,,,,,,,,,,,,,
7006,Clark / Fleury,45.54764848,-73.6655657,,,,,,,,,,,,,,,,,,,,,2513.0,,,
6014,St-Denis / Maisonneuve,45.514357000000004,-73.56150600000001,559.0,822.0,,,,,,,,,,658.0,853.0,,879.5,724.0,899.0,,634.0,757.0,1816.0,,1015.0,
6026,de la Commune / Place Jacques-Cartier,45.50761009,-73.55183601,,,,,,,,,1029.0,,919.5,1374.0,1593.0,1414.0,1712.5714285714287,,1146.7142857142858,,1521.6666666666667,1567.8333333333333,1245.25,1226.0,,1686.0
6241,Hutchison / Fairmount,45.51951505,-73.59851718,,,,,,,,,,,,,,,1183.0,,,,,,,,,
6157,de la Roche / du Mont-Royal,45.52875779,-73.57867956,,1266.0,,,,,,,,,,,,,,1641.0,,1566.0,,,,,,
6232,Hutchison / Van Horne,45.52502123,-73.61073732,,,,,,,,,,,,,,,,,,,,,,,,
7028,de Gaspé / St-Viateur,45.52774828,-73.59743893,,,,,,,,,,,,,,,,1484.0,,,,,,,,
6230,Waverly / St-Viateur,45.52385614,-73.6001265,1453.1666666666667,,,,,,,,,,,1681.0,,,,,,,,1693.0,,,1466.0,1325.4
6246,Métro Outremont (Wiseman / Van Horne),45.52027054,-73.61484915,,,,,,,,,,,,,,,,,,,,,,,,
7078,Hochelaga / Chapleau,45.53445295,-73.55965197,,,,,,,,,,,,,,,,,,,,,,,,
6103,Lespérance / de Rouen,45.538799,-73.55249599999999,,,,,,,,,,,,,,,,,,,,,,,,
6402,Square Sir-Georges-Etienne-Cartier / Ste-Émilie,45.47266801,-73.58538978,,1029.5,869.0,,,,,,,,1286.0,1169.0,797.0,,,1476.1666666666667,1425.0,1131.0,1084.0,,,,,844.0
10002,Métro Charlevoix (Centre / Charlevoix),45.47822787,-73.56965125,,,,948.5,,,,,870.0,2536.0,777.0,,,1140.0,,1193.0,1369.5,,1162.0,1275.3333333333333,1359.0,759.5,,1166.0
6268,Chambord / Beaubien,45.53993218,-73.5993433,2264.0,,,,,,,,,,,,,1662.0,,,,,,,,,,
6336,Faillon / St-Hubert,45.54297176,-73.61793905,,,,,,,,,,,,,,,,,,,,,,,,
6410,Métro Crémazie (Crémazie / Lajeunesse),45.54640752,-73.63842845,,,,,,,,,,,,,,,,,,,,,,,,
6412,Complexe sportif Claude-Robillard,45.553262,-73.638615,,,,,,,,,,,,,,,,,,,,,,,,
6025,Notre-Dame / St-Gabriel,45.50714392,-73.55511904,,,,,,,,,,,,,,,842.0,,,,1037.0,,,,,
6177,St-Hubert / Duluth,45.52255761,-73.57440948,,860.0,,,,,,,,,,,,,1201.0,,,1462.75,,,1569.0,,1569.0,
6176,de Mentana / Rachel,45.52496324,-73.57555881,1773.0,,1546.0,,,,,,,,,1532.3333333333333,1423.0,,,1361.0,1567.0,,,1749.5,,,,
6110,Poupart / Ste-Catherine,45.52903307,-73.54634821,,,,,,,,,,,1406.0,,,,,,,,,,,,,
6002,Darling / Ste-Catherine,45.54046008,-73.54030252,,,,,,,,,,,1705.0,1646.3333333333333,,,,,,,,,,,,
6259,Dandurand / de Lorimier,45.540881,-73.58415699999999,,,,,,,,,,,,,,,,,,,,,,,,
6082,5e avenue / Rosemont,45.54990048,-73.58308375,,,,,,,,,,,,,,,,,,,,,,,,
6174,Roy / St-Denis,45.519079999999995,-73.5727,,,,,,,,,,,,,1124.0,,,,,1252.6666666666667,,,,,,
6202,Ste-Famille / Sherbrooke,45.51007155,-73.57075229,551.0,572.5,,,,,,,,616.0,,578.6666666666666,,1300.0,603.6666666666666,780.3333333333334,741.25,639.0,1020.0,589.0,640.6666666666666,691.6666666666666,557.0,672.0
6217,Vallières / St-Laurent,45.51896722,-73.58361617,,,,,,,,,,,,,,,1411.0,,,1192.0,,1092.0,1168.0,,,
7084,McTavish / Sherbrooke,45.50281282,-73.57602417,,,,330.5,,,,240.5,,336.0,746.0,506.0,292.0,,,347.125,296.0,675.8,,533.4,353.6,315.25,1934.6666666666667,
6131,Fullum / Sherbrooke ,45.533924,-73.562425,,,,,,,,,,,,,,,1356.0,,,,,,,,,1642.0
6216,Parc Jeanne Mance (monument à sir George-Étienne Cartier),45.514959999999995,-73.58503,869.0,,,,,,,,,1143.5,1336.0,,1148.5,1177.0,1381.25,1554.0,1391.3333333333333,1008.4,981.0,,1278.0,,966.0,
6381,Omer-Lavallée / du Midway,45.54577595,-73.56217459,,,,,,,,,,,,,1868.0,,,3273.0,,,,,,,,
6047,University / Prince-Arthur,45.50740168,-73.57844353,507.0,425.0,,,,,,,,,,,559.5,,,564.0,510.3333333333333,,,,,,351.0,
6156,Marie-Anne / de la Roche,45.52775814,-73.57618511,,,,,,,,,,,1862.5,,,,,,,,,,,,,
7033,Aylmer / Prince-Arthur,45.50856687,-73.57769787,577.0,,521.0,,514.0,,421.0,,,,552.0,,,,,519.5,528.3333333333334,482.0,673.0,652.0,745.0,,445.0,653.75
6193,de l'Esplanade / Fairmount,45.521495,-73.596758,,,,,,,,,,,1123.0,,,,,1197.0,,1623.0,,,,2793.0,,
6211,Roy / St-Laurent,45.51561624,-73.57580826,748.0,891.0,,,,,,,,1257.5,1125.5,,1088.0,1111.5,1101.3333333333333,1306.25,1015.0,,661.0,,891.0,,,654.0
6160,Garnier / St-Joseph,45.53297746,-73.5812223,,,,,,,,,,,,,,,,,,,,,,,1783.0,
6023,de la Commune / Berri,45.51086,-73.54983,,,1037.0,,,,,,1284.0,,,1092.0,1645.0,,1331.2857142857142,,,1326.5,1660.0,1864.0,,,1227.8,
6190,Pontiac / Gilford,45.52700933,-73.58576596,,,,,,,,,,,,,,1230.0,,,,,,,,,,
6188,de Mentana / Marie-Anne,45.52602657,-73.57785881,1589.0,,,,,,,,,,,,,,,,,,,,,,2140.0,1610.0
6926,Marie-Anne / St-Hubert,45.52468298,-73.57889682,,,1068.0,,,,,,,,,,1583.0,,1176.0,,1346.0,,,,,,,
6221,du Mont-Royal / Clark,45.51941,-73.58685,1197.0,,,,,,,,,2004.0,,,1115.0,,,,1051.0,,,1200.0,,1042.0,,
6143,Rachel / de Brébeuf,45.52689,-73.57264,,,,,,,,,,,1205.0,1764.0,,,2752.5,,1365.0,,,,,,,
6098,Bishop / Ste-Catherine,45.49642,-73.57616,345.0,,,,,,1826.0,,,,,,103.5,,,,88.0,280.0,,609.6666666666666,,,,
6029,Bel Air / St-Antoine,45.482779,-73.58452544,490.0,708.0,,423.0,,,,,534.0,,,,720.0,435.0,601.0,,674.0,643.0,472.0,,,611.0,834.2,603.5
7055,Greene / Workman,45.48118441,-73.57934877,,,,,,,,,463.0,,635.0,1321.0,982.6666666666666,893.8333333333334,,765.0,,782.0,,527.0,,754.5,628.5,
6231,Jeanne-Mance / St-Viateur,45.52289368,-73.6018163,,,,,,,,,,,,,,,,1371.0,,,,,,1350.0,1242.0,2151.0
6220,Laval / Duluth,45.51921624,-73.57718021,,,,,,,,1567.0,,,,,,,,1745.0,844.0,,1132.0,1041.0,1549.5,,746.0,709.5
6213,Duluth / St-Laurent,45.51687641,-73.57946008,,,,,,,,,,,,1272.5,,1722.0,,1505.0,,,1293.6666666666667,,1869.0,858.5,1000.0,
6307,Laval / Rachel,45.52017845,-73.57942387,1086.0,,,,,,,,,,,,,,,,,1376.0,,1190.0,965.0,,,
6117,Robin / de la Visitation,45.52088977,-73.55922148,,,,,,,,,,,,1072.0,,,,,750.0,942.0,,,1290.6666666666667,,,
6120,Métro Frontenac (Ontario / du Havre),45.5336609,-73.5521968,,,,,,,,,,,1435.0,,,1926.0,,,,,,,,,,
6112,Montcalm / de Maisonneuve,45.5190922,-73.55784953,,1200.0,,,,,,,,906.0,1356.5,,1390.0,,1091.3333333333333,937.6666666666666,,1129.0,,,1560.5,1224.75,1184.0,1214.5
7027,Terrasse Guindon / Fullum,45.53711414,-73.56913894,,,,,,,,,,,,,,,,,,,,,,,,
6059,Mansfield / René-Lévesque,45.50023084,-73.56939375,427.0,,,,,,,,,,,,,549.0,315.0,282.0,,328.0,,,,,,
6032,Métro Place-d'Armes (Viger / St-Urbain),45.50623,-73.55976,,,,,,,,,673.3333333333334,742.0,835.9,725.5,,890.0,847.0,830.0,684.0,649.0,740.3333333333334,745.0,,742.0,,
6274,de la Roche / St-Joseph,45.531164000000004,-73.58369499999999,,,,,,,,,,,,,,,,1705.5,,,,,,1067.0,,
6195,de Bullion / St-Joseph,45.52403655,-73.59014332,,,,,,,,,,,,,,,1006.0,1463.0,,,,,,,,
6182,de Bullion / du Mont-Royal,45.52148456,-73.58498007,,,,,,,,,,,,,,,,,1195.0,,,,1526.0,,,
6102,Lincoln / du Fort,45.493034,-73.583836,268.0,,,,152.0,,,,204.0,,260.0,,,310.1666666666667,261.0,320.6666666666667,302.8,263.6666666666667,328.0,298.3333333333333,228.0,269.0,231.0,220.0
7076,Tupper / du Fort,45.49122962,-73.58078241,361.5,230.0,313.75,303.0,312.0,312.42857142857144,279.75,,580.0,,522.5,,247.0,461.9230769230769,353.125,267.125,380.7142857142857,338.0,593.7777777777778,301.0,353.7142857142857,355.4,273.77777777777777,256.0
6255,Boyer / St-Zotique,45.53848,-73.60556,,,,,,,,,,,,,,,,,,2029.0,,1934.0,,,,
6929,St-André / St-Grégoire,45.53141185,-73.59174863,,,,,,,,,,,,,,,,,,,,,,,,
6158,Gilford / de Brébeuf,45.53081623,-73.58162597,,,,,,,,,,,,1601.0,,,,,,,1499.0,,,,,1507.0
6049,Queen / Wellington,45.49760528,-73.55534971,,,,,,,,,,,,,722.0,558.0,819.0,,,,822.0,550.0,1017.8,,,
6744,Hamilton / Jolicoeur,45.456355,-73.597557,,,,,,,,,,,,,,,,,1505.0,,,,,,,
6181,Clark / Rachel,45.517353799999995,-73.58212888,1009.0,,,,,,,,,,,,864.0,,1640.0,995.0,966.0,,1212.0,,,1166.0,,
6067,de Maisonneuve / Robert-Bourassa,45.503475,-73.572103,,,,,,,,,293.5,265.0,902.8,305.14285714285717,325.6,363.54545454545456,399.6,313.0,295.0,646.5,968.2,338.5,277.0,439.0,347.5,
6004,Hôtel-de-Ville (du Champs-de-Mars / Gosford),45.50918811,-73.55457991,1802.0,,,,,,,,,,,,1701.8,,1435.0,1275.0,2097.0,,3453.5,875.0,,966.0,,790.0
6048,Queen / Ottawa,45.4979738,-73.55614096,,,4892.0,,,,,,,881.0,,,,,,,1074.5,,,,,,,
6039,McGill / des Récollets,45.500779,-73.558826,,,,,,,,,,755.6666666666666,,910.3333333333334,686.0,1382.0,,,1255.5,1771.0,1576.5,545.0,,,,
6910,Boyer / Beaubien,45.537040999999995,-73.602026,,,,,,,,,,,,,,,,,,,,,,,,
6277,Louis-Hébert / de Bellechasse,45.54669598,-73.58873785,,,,,,,,,,,,,,,,,,,,,,,,
6266,Louis-Hébert / Beaubien,45.54813002,-73.59193504,,,,,,,,,,3080.0,,,,,,,,,,,,,,
6105,Plessis / René-Lévesque,45.51937252,-73.55195805,1035.5,,,,,,,,,,,,,,,918.0,1091.0,,,1202.0,,1022.0,,
6907,Boyer / Rosemont,45.534136,-73.595478,,,,,,,,,,,,,,,,,,,,,1983.0,,,
6119,Dorion / Ontario,45.52697,-73.558021,1572.0,1148.0,1398.0,,,,,,,,,1732.0,1533.0,1324.0,1698.0,,1326.5,1837.0,,,1021.0,1066.0,1244.0,
7080,du President-Kennedy / Robert Bourassa,45.50440747,-73.57254267,,,,,,,,,,339.0,262.0,479.0,,371.0,,517.5,415.0,364.0,,,,476.0,,
6214,Square St-Louis (du Square St-Louis / Laval),45.5160908,-73.57012868,,,946.0,596.0,,,,,,,,,,,787.0,911.0,,1167.0,770.0,932.0,,,,
6111,Parthenais / Ste-Catherine,45.52620038,-73.54926646,,,,,,,,,,,,,,,,,,,,,,,1669.0,
6118,de Champlain / Ontario,45.52504754,-73.56003553,,,,,,,,,,,,,,,1227.0,987.0,1050.0,1291.0,1106.5,761.0,,1169.0,,889.0
6150,Messier / du Mont-Royal,45.53711414,-73.5710031,,,,,,,,,,,,,,,,,,,,,,,,
7040,St-Urbain / Beaubien,45.52951034,-73.61067966,,,,,,,,,,,,,,,,1875.0,,,,,,,,
6020,Sanguinet / Ontario,45.51472631,-73.56548578,745.0,,,542.0,1156.0,,,,,,,660.0,,1013.0,840.25,961.0,688.0,,762.0,1064.5,,,725.0,429.0
6058,Cypress / Peel,45.49932551,-73.57176751,,,,,,,,,,152.0,369.0,,,214.0,369.0,280.0,218.0,758.0,590.0,,334.0,,,
6334,Lajeunesse / Jarry,45.5437119,-73.62828434,,,,,,,,,,,,,,,,,,,,,,,,
6093,Atwater / Sherbrooke,45.49122585,-73.58763009,418.0,,523.0,,,,,,,379.0,,394.0,446.3333333333333,317.0,323.0,903.0,372.25,343.0,471.5,469.75,494.8333333333333,,409.25,342.0
6013,Sanguinet / de Maisonneuve,45.51340554,-73.56259435,911.0,754.6,,,,,953.0,,898.0,,,856.5,889.5,801.8571428571429,1148.6666666666667,639.0,991.5,766.0,1329.0,862.8571428571429,,863.0,546.0,1046.6666666666667
6134,Gascon / Rachel,45.537964,-73.56264300000001,,,,,,,,,,,,,,,,2123.0,,,,,,,,
6199,St-Viateur / St-Laurent,45.52593073,-73.59883904,1369.0,,1184.0,,,,,,,,,,,,,4853.0,,,,,,,,
6092,Crescent / René-Lévesque,45.49606,-73.57348,476.5,214.5,,,141.0,,,1568.0,258.5,,1696.0,,2145.0,328.25,206.5,317.0,193.5,242.33333333333334,153.5,349.5,132.5,124.0,159.0,154.0
6738,Union / René-Lévesque,45.50235036,-73.56658279999999,,,,,,,,,,,,,,,,,,372.0,,,428.0,,,
6902,Beaudry / Ontario,45.52155597,-73.56226444,,,,,,,,,,,,,999.5,,1039.5,1041.0,992.0,843.5,,,,,,855.5
6011,St-André / St-Antoine,45.51411453,-73.5526447,,,,,,,,,979.0,,1460.0,,,1207.0,730.0,,1223.0,892.0,848.0,,,,,
6173,Berri / Cherrier,45.51908844,-73.56950909,,,,,,,,,,,,,1503.5,670.0,1403.0,,,1305.0,,,,957.0,,
6052,de la Commune / King,45.49751503,-73.55257094,1735.0,,729.0,,,,,,,1173.0,,,,,1386.25,940.0,,1711.3333333333333,,2435.0,1145.0,,,
6260,Dandurand / Papineau,45.53869977,-73.58622193,,,,,,,,,,,,,,,,,,,,,,,,
6383,Bourbonnière / du Mont-Royal,45.55357074,-73.56049418,,,,,,,,,,,,,,,,,,,,,,,,
6388,d'Orléans / Hochelaga,45.55066935,-73.54903581,,,,,,,,,,,,,,,,,,,2429.0,,,,,
7020,St-Germain / Hochelaga,45.54369875,-73.55367333,,,,,,,,,,,,,,,,,,,2763.0,,,,,
7049,Ottawa / St-Thomas,45.49068727,-73.56253803,,,,,,,,,,,,,527.5,539.5,509.0,397.0,,,459.0,,,,1015.0,
6169,Boyer / du Mont-Royal,45.52743213,-73.57991673,1283.0,,,,,,,,,,1833.3333333333333,,1425.0,,,1395.0,1237.3333333333333,,,,,,1310.0,
6901,Gare d'autocars de Montréal (Berri / Ontario),45.51679207,-73.56423855,,,,,,,894.0,,,,,1373.5,756.0,,,750.0,1067.6666666666667,1070.6666666666667,,,1089.0,988.5,,
6428,Berlioz / de l'Île des Soeurs,45.45998578,-73.54395568,,,,,,,,,,,,,,,,,1489.0,,,,,,,
6380,Parc J.-Arthur-Champagne (de Chambly / du Mont-Royal),45.551584000000005,-73.561916,,,,,,,,,,,,,,,,,,,,,,,,
6712,LaSalle / Crawford,45.4379138,-73.58274043,,,,,,,,,,,,,,,,,,,,,,,,
6309,4e avenue / de Verdun,45.45688445,-73.57260704,1490.0,,,,,,,,,,,,,,,,,,1909.0,,1893.0,,,
6142,Calixa-Lavallée / Rachel,45.52779479,-73.57193917,,,,,,,,,,,,1480.0,,,,,,1446.0,1553.0,1637.0,,,994.0,
6126,Rouen / Fullum,45.53217,-73.55859,,,,,,,,,,,,,,,,,,,,,,,,
6148,Émile-Duployé / Sherbrooke,45.52729,-73.56463000000001,1448.0,,,,,,,,,,,,,,,,,1601.0,,,,,,
6179,Duluth / St-Denis,45.52060423,-73.57598394,,,,,,,,,,,,,1222.0,1103.0,,,,,,,1296.0,951.0,1075.0,
7037,Prince-Arthur / Ste-Famille,45.51163821,-73.57463479,,786.0,,,,,,,,,,,,1032.0,713.0,,2945.0,,680.0,677.0,668.0,,,
6733,de Maisonneuve/ Mansfield (est),45.50229396,-73.57321858,,,,,,,,233.0,263.75,299.0,239.66666666666666,454.625,313.0,498.8333333333333,327.5,302.25,295.5,330.25,306.0,,,,,
6206,Prince-Arthur / du Parc,45.51059,-73.57547,731.75,,574.0,740.75,,,,,,,,687.0,1106.0,723.0,1053.5,562.0,1070.0,761.0,718.0,1049.0,608.0,895.0,650.6666666666666,622.3333333333334
7031,Berri / Rachel,45.52287802,-73.57749537,,,,,,,,,,,,,,,,,,959.0,,,,,,
6225,Villeneuve / St-Urbain,45.520188,-73.590559,,,,,,,,,,,,,,,,1478.0,,,,,,1548.0,,
6313,Palm / St-Remi,45.470303,-73.589848,1497.0,,1179.0,924.0,,,,,,,,1707.0,,,,1080.0,954.0,1153.3333333333333,,,,,,
6368,10e avenue / Masson,45.55031641,-73.57335806,,,,,,,,,,,,,,,,,,,,,,,,
6180,St-Dominique / René-Lévesque,45.50941837,-73.56135786,737.0,781.6666666666666,,,,,,,,,,,672.0,1098.0,,813.0,828.0,834.0,789.0,,,954.0,,629.0
6912,Métro Beaubien (de Chateaubriand / Beaubien),45.53535996,-73.60363483,,,,,,,,,,,,,,,,,,,,,,,,
6185,des Érables / Bélanger,45.54912086,-73.60087349999999,,,,,,,,,,,,,,,,,,,,,,,,
6331,Guizot / St-Denis,45.54334747,-73.63235325,,,,,,,,,,,,,,,,,,,,,,,,
6328,Henri-Julien / Villeray,45.53948747,-73.6235556,,,,,,,,,,,,,,,,,,,,,,,,
6164,Chambord / Laurier,45.5329939,-73.58441412,1270.0,,,,,,,,,,,1738.0,,,2023.5,,1782.0,,,,,,,1384.0
6207,Ste-Famille / des Pins,45.51283175,-73.57688785,,,,,,,,,,704.0,,1614.5,,,,1365.0,,536.0,,,,754.0,,
7025,St-Dominique / Bernard,45.52793332,-73.60122251,,,,,,,,,,,,1304.0,,,,,,,,,,,,
6094,de Gaspé / Fairmount,45.525669,-73.593016,,,,,,,,,,,,,,,,,,,,,,,,
7068,Basin / Richmond,45.48753099,-73.56507003,,,,,,,,,752.0,,538.0,425.0,983.5,,1711.0,989.3333333333334,410.6666666666667,555.0,530.2,431.0,,,,443.0
6219,de l'Hôtel-de-Ville / Roy,45.5173331,-73.57443631,,,,,,,,,,,841.0,,,,,,,,,,,,1422.0,
6432,de Maisonneuve / Greene,45.48697062,-73.58929306,,,,,,375.0,,1694.0,,412.5,947.8333333333334,533.75,603.8571428571429,466.0,578.8333333333334,836.8,481.125,596.75,659.375,496.0,,469.0,586.5714285714286,838.25
6258,Parc Père-Marquette (Chambord / Rosemont),45.53702583,-73.59316617,,,,,,,,,,,,,,,,,,,,,,,,
6405,Duvernay / Charlevoix,45.48203995,-73.57486278,566.0,,,,,,538.0,,513.5,577.5,,410.0,518.0,1433.0,1026.0,,,,,2210.25,,516.0,,
6387,Métro Joliette  (Joliette / Hochelaga),45.54690718,-73.55155706,,,,,,,,,,,,,,,,,,,,,,,1489.0,
6358,1ère  avenue / St-Zotique,45.55193736,-73.59392792,,,,,,,,,,,,,,,,,,,,,,,,
6752,Hutchison / Beaubien,45.5262464,-73.61374676,,,,,,,,,,,,,,,,,,1488.0,,,,,,
7032,Drolet / Laurier,45.52625188,-73.58975839,,,,,,,,,,,,,,,,,,,,,1320.0,,,
6384,Darling / Sherbrooke,45.5454589,-73.55666935,,,,,,,,,,,,,1953.0,,,,,,,,,,,
6065,de la Montagne / Sherbrooke,45.4996771,-73.57884854,165.5,237.0,160.5,218.66666666666666,275.5,227.0,,,,631.2,151.5,242.0,152.0,,189.33333333333334,214.0,170.5,194.5,233.0,169.5,224.57142857142858,392.0,185.85714285714286,168.4
6735,François-Perrault / L.-O.-David,45.56129966,-73.60143006,,,,,,,,,,,,,,,,,,,,,,,,
7069,Union / du Président-Kennedy,45.50499345,-73.57170314,334.0,,,,,,1408.0,,,447.0,,,,440.0,381.0,,369.0,,453.0,,,630.5,,
6346,Nicolet / Sherbrooke,45.54976982,-73.55485350000001,,,,,,,,,,,,,,,,,,,,,,,,
6391,Aylwin / Ontario,45.54431115,-73.54554892,,,,,,,,,,,,,,,,,,,2059.0,,,,,
6314,de Lanaudière / Marie-Anne,45.529219,-73.574777,,,,,,,,,,,,,,,,,,,1415.0,,,,,
6377,Grand Trunk / Hibernia,45.47968,-73.56385,1144.0,,,,,,,,,,,,,,,1292.0,1649.6666666666667,,,1111.0,,,,
6375,Métro Place St-Henri (St-Ferdinand / St-Jacques),45.477249,-73.587238,,710.0,900.5,610.0,,,,,,,1013.4,761.0,,,1092.6666666666667,,,913.8571428571429,,776.0,,,,803.0
6401,des Seigneurs / Notre-Dame,45.48772279,-73.56908262,,,,,,,,,,,,,433.5,513.0,,,597.0,,442.5,440.5,,424.0,385.0,308.0
7066,St-Urbain / de la Gauchetière,45.50707813,-73.56139541,,,,,,,,505.0,696.0,,617.0,686.5,757.0,1076.6,1098.25,722.6363636363636,855.5,651.3333333333334,802.75,930.2857142857143,778.0,969.0,814.0,
6186,St-André / Laurier,45.52955901,-73.58760189,,,,,,,,,,1698.0,,,,,,,,,,,,,,
6127,Henri-Julien / de Castelnau,45.537877,-73.618323,,,,,,,,,,,,,,,,,,,,2067.0,,,,
6243,Bloomfield / Bernard,45.52068774,-73.60842790000001,,,,,,,,,,,,,,,,,,,,,,,,
6140,Marquette / Rachel,45.52980158,-73.57028961,,,,,,,,,,1442.0,,1383.5,,1667.0,1930.5,,,,1480.0,,,,,
6224,Villeneuve / du Parc,45.51829,-73.59235,,,,,,,1303.0,,,,,,,,,,,1190.0,,,,,,
6252,Mozart / St-Laurent,45.53318,-73.61544,,,,,,,,,,,,,,,,2602.0,,,,,,,,1674.0
6057,Peel / avenue des Canadiens de Montréal,45.49771835,-73.56818005,,,,,,,1058.0,,,,682.0,,1791.0,,626.0,458.0,497.3333333333333,,348.0,,,,,
6151,Parthenais / du Mont-Royal,45.53642275,-73.57099771,,2235.0,,,,,,,,,,,,,,,,,,,,,,
6927,Édouard-Montpetit / de Stirling,45.50723,-73.615085,,,,,,,,,,,,,,,,,,,,,,,,
6303,Dunlop / Van Horne,45.514905,-73.619682,,,,,,,,,,,,,,,,,,,,,,,,
6345,Louis-Hémon / Villeray,45.55496126,-73.61073732,,,,,,,,,,,,,,,,,,,,,,,,
6281,Resther / St-Joseph,45.5277271,-73.58628362,,1593.0,,,,,,,,,,,,,,,1501.5,,,,,,,
6168,Marmier / St-Denis,45.53087132,-73.59834552,,,,,,,,,,,,,,,,,,,,,,,,
6203,Hutchison / Sherbrooke,45.50781,-73.57208,504.0,,,536.5,,,,,,,512.0,592.0,955.0,,694.6666666666666,573.0,,494.75,,452.25,469.6,824.5,1135.5,583.5
6370,d'Orléans / Masson,45.557192,-73.569847,,,,,,,,,,,,,,,,,,,,,,,,
6418,de Vendôme / de Maisonneuve,45.47444752,-73.60403113,1077.5,1007.0,,1234.25,,,,813.0,,,1223.0,759.0,875.6666666666666,869.0,1087.4444444444443,978.0,1104.0,1169.0,907.625,806.0,1124.8333333333333,982.0,942.5,1017.0
6124,Poupart / Ontario,45.53193889,-73.55343863,,,,,,,,,,,,1336.5,,,,1415.0,,2928.0,1268.0,1167.0,,,,
6393,Dézéry / Ontario,45.54111009,-73.54754984,2040.0,2064.0,,,,,,,,,,,,,1324.0,,2706.0,,,,,,,
6923,Marquette / Jean-Talon,45.54740778,-73.60766888,,,,,,,,,,,,,,,,,,,,,,,,
6270,Fabre / St-Zotique,45.54345173,-73.60101029,,,,,,,,,,,,,,,,,,,,,,,,
6187,Resther / du Mont-Royal,45.52562819,-73.58177483,,,,,,,,,,,,,,1698.0,,,,,,,,,,
6008,Sanguinet / Ste-Catherine,45.51279686,-73.56146247,1382.5,,,,,,,,,,833.3333333333334,,559.0,,746.0,,,705.0,851.0,,850.0,927.0,,
6076,Ville-Marie / Ste-Catherine,45.55792115,-73.52914721,,,,,,,,,,,,,,,,,,,,,,,,2158.0
6371,4e avenue / Masson,45.546978,-73.575515,,,,,,,,,,,,,,,,,2063.0,,,,,,,
6372,1ère avenue / Masson,45.545199700000005,-73.57645065,,,,,,,,,,,,,,,,,,,,,,,,
6340,de la Roche / Everett,45.544866999999996,-73.614841,,,,,,,,,,,,,,,,,,,,,,,,
6708,Place Jean-Paul Riopelle (Viger / de Bleury),45.50372674,-73.56170386,,,,,,,,,,816.0,1170.0,1192.5,,911.4,636.6666666666666,565.0,666.5,1085.0,,,794.5,,,
6749,St-Jacques / St-Laurent,45.50642115,-73.55646551,,,,,,,,,,,,,605.0,850.0,,,4075.5,,,,769.0,,,
6042,de la Gauchetière / Robert-Bourassa,45.50060578,-73.56544822,,,,,,,,,,,,412.0,388.0,,512.0,,668.0,,,,,,,
7036,Hutchison / Edouard Charles,45.518263399999995,-73.59577462,,,,,,,,,,,,,,,,1117.0,,,,1802.0,1167.0,,,
6235,St-Dominique / St-Viateur,45.526557000000004,-73.59827578,,,,,,,,,,,,,,,,,,1425.0,,,,,,
7018,Joliette / Ste-Catherine,45.54286797,-73.53822447,,,,,,,,,,,,,,,,2284.5,,,,,,,,
6063,Drummond / de Maisonneuve,45.49947,-73.57591,258.0,657.0,,363.5,,,,153.0,148.85714285714286,145.2,187.6,151.75,157.125,176.625,208.125,226.5,163.82608695652175,260.1363636363636,173.5,179.55555555555554,399.125,178.71428571428572,150.4,107.5
6130,Sherbrooke / Frontenac,45.5367,-73.56081,,,,,,,,,,,,,,,,,,,,,,,,
6916,Parc du Pélican (2e avenue / St-Joseph),45.544513,-73.571564,,,,,,,,,,,,,,,,,,,,,,,,
6104,Wolfe / René-Lévesque,45.5168175,-73.55418831,,781.0,758.0,966.0,,,,,,,,885.5,,,,1891.0,,,,,,,,
6149,Chapleau / du Mont-Royal,45.53867,-73.56936,,,,,,,,,,,,,,,,,,,,,,,,
6192,Berri / St-Grégoire,45.529802000000004,-73.591766,,,,,,,,,,,,,,,,,,,,,,,,
6427,Métro Lasalle (de Rushbrooke / Caisse),45.47069643,-73.56542241,,,,,,,,,,,,,,,1269.6666666666667,,1666.5,,,,,,,
6404,Quesnel / Vinet,45.485889,-73.57751400000001,,,,,,,,,,,362.0,,1547.0,347.0,305.0,,,,,,,359.0,,
6376,16e avenue / St-Joseph,45.5529231,-73.56575198,,,,,,,,,,,,,,,,,,,2550.0,,,,,
7041,15e avenue / Masson,45.55391377,-73.57141882,,,,,,,,,,,,,,,,,,,,,,,,
6329,Drolet / Gounod,45.5409767,-73.62642288,,,,,,,,,,,,,,,,,,,,,,,,
6116,Plessis / Ontario,45.52349211,-73.56073022,,,,,1522.0,,,,,,,,1430.0,,,,,,,,,,,
6906,Métro Rosemont (Rosemont / de St-Vallier),45.53132720000001,-73.5978882,,,,,,,,,,,,,,,1623.0,,,,,,,,,
6362,1ère avenue / Rosemont,45.54779995,-73.58486742,,,,,,,,,,,,,,,,,,,,,,,,
7024,Berri / Gilford,45.52656587,-73.58542800000001,,,,,,,,,,,,,,,,,,,,,,,,
6079,Hutchison / Prince-Arthur,45.509864,-73.576105,466.0,,,,,,,,,400.0,507.0,733.0,589.0,605.0,667.0,544.0,693.4,897.3846153846154,723.3333333333334,674.8,953.2,544.0,511.6666666666667,1223.6
6038,McGill / Place d'Youville,45.49975,-73.55566,741.0,,,,,,,,,,,1134.8333333333333,921.3333333333334,,,780.0,812.0,,801.6666666666666,,,,,
6706,Beatty / de Verdun,45.45072998,-73.57257485,,,,,,,,,,,,,1558.0,,,,,,,,,,,
6424,du Président-Kennedy / McGill College,45.50300457,-73.57385695,,,,,,,,305.0,,,,,471.0,331.0,,303.0,,317.0,372.0,,378.0,414.0,,
6044,Roy / St-Christophe,45.521565,-73.57043,,,,,,,,,,,,,,,,1077.0,,,,,,1277.0,,
6434,Victoria / de Maisonneuve,45.47742856,-73.60016942,1120.5,,725.0,,717.0,,,,,,,1109.1666666666667,900.25,779.0,787.3333333333334,,1256.3333333333333,1064.0,1032.0,814.5,871.0,798.0,,865.0
6324,de Liège / Lajeunesse,45.54560355,-73.63474041,,,,,,,,,,,,,,,,,,,,,,,,
6006,18e avenue / Rosemont,45.55789546,-73.5765291,,,,,,,,,,,,,,,,,,,,,,,,
6201,Villeneuve / de l'Hôtel-de-Ville,45.5235442,-73.58733237,,,,,,,,,,,,,,,,,,,,,,,,
6425,de l'Église / Edna,45.46277461,-73.56478304,,,,,,,,,,,,1492.0,,,,1613.0,,,824.0,,,,,1685.0
6175,St-André / Cherrier,45.52045847,-73.56757522,968.0,,975.0,,,,,,,,,1111.0,,,,,1032.0,,924.0,1279.0,855.0,,951.0,1058.5
6403,Georges-Vanier / Notre-Dame,45.48504798,-73.57196331,,,658.0,,,,,,,,,599.0,,,642.0,589.0,592.0,,,413.0,634.0,499.0,,
6036,de la Commune / St-Sulpice,45.50424246,-73.55346948,,,,,,,,,,,1575.3333333333333,1963.8333333333333,1077.75,1161.0,1125.0,1342.0,1199.5,1038.0,1132.0,1361.0,,1114.5,,1466.0
7047,Ottawa / Peel,45.49390895,-73.55950713,437.0,,,,,,,,536.0,445.0,609.0,,1800.142857142857,766.0,597.0,372.0,630.0,578.0,737.1666666666666,555.0,662.6666666666666,488.25,,621.3333333333334
6050,de la Commune / McGill,45.498673100000005,-73.55256289,1593.0,1977.0,,,,,762.0,,,2033.0,1368.142857142857,,1186.0,1659.0,779.0,1420.5,1054.75,1027.0,1283.111111111111,1055.25,,,,
6234,Bernard / Clark,45.52697,-73.60261,,,,,,,,,,,,,,,,,,,,,,,,
6165,de Brébeuf / Laurier,45.53259234,-73.58519465,,,,1704.0,,,,,,,,,,,,,,,,,,,,
7074,St-André / Robin,45.51812809,-73.56185138,,,653.0,,,,,,,,,,880.0,786.0,,,1021.0,997.0,,1351.375,,,,
7065,de Lanaudière / Bélanger,45.54365085,-73.60565051,,,,,,,,,,,,,,,,,,,,,,,,
6339,d'Oxford / de Monkland,45.47514154,-73.62350464,,,,,,,,,,,,,,,,1691.0,,1926.0,,,1236.0,,,1421.0
6718,Grand Boulevard / Sherbrooke,45.466569,-73.623295,,,,,,,,,,,1820.0,,,,1430.5,,1809.5,1370.5,1729.0,,,1739.5,,
6018,St-André / Ontario,45.51889,-73.56353,865.0,,642.0,889.0,,,,,,835.0,,,,1368.5,743.0,,1267.6666666666667,,,843.0,,,,
6113,Alexandre-DeSève / de Maisonneuve,45.5219,-73.55534,,1236.5,,,,,,,,,,1197.0,1100.5,1359.0,1498.6,1237.0,1302.125,1024.0,1296.0,1397.25,1294.0,767.0,1058.0,
6066,McTavish / des Pins,45.5053055,-73.58100235,,,,,,,,,,,,1304.4,,,,,,,,,,,,
6215,St-Cuthbert / St-Urbain,45.51482122,-73.57829601,,,,,,,,,,,,702.0,910.0,,,639.0,1100.0,,,1120.0,894.0,,,751.0
6350,Island / Centre,45.48149081,-73.56475353,,,,,,,,,,,,,,,,,,,1219.0,,,,783.0,
6702,Chauveau / de l'Assomption,45.569789,-73.54808100000001,,,,,,,,,,,,,,,,,,,,,,,,
6701,Centre Pierre-Charbonneau,45.56229871,-73.54944348,,,,,,,,,,,,,,,,,,,,,,,,
6273,Cartier / Bélanger,45.546939,-73.602616,,,,,,,,,,,,,,,,,,,,,,,,
7057,2e avenue / Wellington,45.45789353,-73.56752824,,,,,,,,,,,,,,,,,,,1615.5,,,,,
6166,de Brébeuf / St-Grégoire,45.5341,-73.58851999999999,,,,,,,,,,,,,,,,,,,,,,,1691.0,
6229,Coloniale / du Mont-Royal,45.52116132,-73.58561575,,,,,,,,,,,,,,,,,,,1321.0,,1495.0,1131.0,,
6051,de Gaspé / Marmier,45.529686,-73.60172800000001,,,,,,,,,,,,,,,,,,,,,,,,
6304,Rockland / Lajoie,45.515617,-73.614991,,,,,,,,,,,,,,,,,,,,,,,,
6903,St-Dominique / Napoléon,45.51677946,-73.57740283,,,574.0,2526.5,,,,,,,1030.0,,1015.0,,,,1078.0,,1016.0,,864.0,,729.0,
6276,de Normanville / Bélanger,45.54228327,-73.60702515,,,,,,,,,,,,,,,,,,,,,,,,
7038,Guilbault / Clark,45.51410795,-73.57523024,809.0,,,,,,,,,,1045.0,,858.0,,,794.0,,692.0,,,,936.0,,
6408,Métro Georges-Vanier (St-Antoine / Canning),45.4891,-73.57656,,,,431.0,,,,,,,,,,,1362.0,325.0,,,560.75,,254.0,339.0,305.5,2126.5
6161,Chabot / St-Joseph,45.53627298,-73.57819676,,,,,,,,,,,,,,,,,,,,,,,,
6394,Valois / Ontario,45.54716077,-73.54377329,1761.0,1747.0,1490.0,,,,,,,,,,,1634.0,,,,,1340.0,,1934.0,,,
6170,de Mentana / Laurier,45.53045007,-73.58763814,,,,,,,,,,,,,,,,,,,,,,,,
6734,Lajeunesse / Villeray (place Tapéo),45.54211889,-73.62254709999999,,,,,,,,,,,,,,,,,,,,,,,,
6727,Richardson / de Montmorency,45.48494726,-73.56036007,,,,,,,,,761.0,,500.0,856.0,,,872.0,,,,542.0,561.0,,776.0,,
6271,Casgrain / de Bellechasse,45.52993552,-73.60409617,,1553.0,,,,,,,,,,,,,,,,,,,,,,
6925,des Écores / Jean-Talon,45.55236372,-73.60286772,,,,,,,,,,,,,,,,,,,,,,,,
6417,Desjardins / Hochelaga,45.55349065,-73.54829013,,,,,,,,,,,,2744.0,,,,,,,,,,,,
7075,CHSLD Éloria-Lepage (de la Pépinière / de Marseille),45.57694445,-73.54045272,,,,,,,,,,,,,,,,,,,,,,,,
6915,Alma / Beaubien,45.53243586,-73.606655,,,,,,,1722.0,,,,,,,,,,2176.5,,,,,,,
7052,Shearer / Centre,45.48300562,-73.56218666,,937.0,,,,,,,,,,,,,,,787.0,,,,,,,
6101,Métro Villa-Maria (Décarie / de Monkland),45.479483,-73.61979000000001,1376.0,,1385.0,,,,,,,,,,,,,,,,,,,,,
6208,Hutchison / des Pins,45.510690000000004,-73.57805,793.0,550.0,,,,603.0,,,,,653.0,738.0,664.0,1066.6666666666667,688.0,658.0,693.6,759.0,629.75,583.0,665.6666666666666,1023.5,509.0,
6132,Larivière / de Lorimier,45.52913454,-73.55923355,,1373.0,,,,,,,,,891.0,,,,1292.0,,1092.5,1070.3333333333333,,2118.0,,,,
6017,du Square Ahmerst / Wolfe,45.52101474,-73.56374502,747.0,,,,,,,,,,,,,,,,913.0,,619.0,,,638.0,,
6310,de Darlington / de la Côte-Ste-Catherine,45.50540325,-73.62116575,,,,,,,,,,,,,,,,,,,,,,,,
7077,Jean Langlois / Fullum,45.52649998,-73.54575277,,,,,,,,,,,,,,,,1472.0,,,,,,,,
6204,Milton / Durocher,45.5081439,-73.57477158,,677.0,431.0,,,,,,,,675.0,487.0,591.0,547.6666666666666,566.4285714285714,614.0,426.5,,566.0,593.0,440.0,,424.0,718.5
6222,de l'Esplanade / du Mont-Royal,45.51825291,-73.5883382,,767.0,885.0,,,,,,910.0,,,,,,,,1375.0,1335.5,,1319.0,,,,
7067,City Councillors / du President-Kennedy,45.50625103,-73.57139066,,385.0,,,,,,,,,,628.0,,,466.5,717.3333333333334,470.0,1291.6,393.0,489.0,519.25,556.0,388.5,436.5
6040,St-Jacques / St-Pierre,45.5027865,-73.5591343,,,,,,,,,,1181.0,,883.0,,1071.8,,475.0,860.5,634.0,,839.0,,,,
6245,Bloomfield / Van Horne,45.522585799999995,-73.61265779,,,,,,,,,,,,,,,,,,2273.0,,,,,,
7070,Bourgeoys / Favard,45.47993042,-73.55592102,,,,,,,,,,,,,,,,,1326.0,,,,,,,
6333,Leman / de Chateaubriand,45.547218,-73.631103,,,,,,,,,,,,,,,,,,,,,,,,
6341,Regina / de Verdun,45.467369,-73.570769,,,1516.0,,,,,,,,,,,,,,,1395.0,,,,1046.0,,
7060,de l'Église / de Verdun,45.46300109,-73.57156895,1376.0,,,1473.0,,,,,,,,,,,,,,,,2224.0,,940.0,1075.0,1026.0
6433,Hillside / Ste-Catherine,45.48282603,-73.59084338,644.5,,672.0,783.0,491.0,526.0,,,,,792.0,973.0,,753.75,825.3333333333334,699.6,670.5,638.5,839.0,,647.0,695.0,656.0,622.0
6301,Parc Outremont (Bloomfield / Elmwood),45.51830945,-73.60328615,,,,,,,,,,,,,,,,,,,,,,,,
7035,Fullum / Gilford,45.53922374,-73.5738368,,,,,,,,,,,,,,,,,,,,,,,,
6251,de Gaspé / Dante,45.53435795,-73.61223131,,,,,,,,,,,,,,,,,,,,,,,,
6330,de Gaspé / Jarry,45.54078005,-73.63040059999999,,,,,,,,,,,,,,,,,,,,,,,,
6355,Ontario / Sicard,45.55626187,-73.5374406,,2147.0,,,,,,,,,,,,,,,,,,,,,,
7017,Bennett / Ste-Catherine,45.55305327,-73.53242755,,,,,,,,,,,,,,,,,,,,,,,,
6090,Place Émilie-Gamelin (St-Hubert / de Maisonneuve),45.51585828,-73.55989069,,,,,,,,,,850.0,,930.0,,,206.0,,871.0,,899.0,,786.5,666.0,680.5,
6146,de Brébeuf / Rachel,45.52707992,-73.57327759,1185.0,,,,,,,,,,,,,1335.0,,,,1513.0,1268.0,,,,,
6924,de Bordeaux / Jean-Talon,45.54975479,-73.60556602,,,,,,,,,,,,,,,,,,,,,,,,
6275,Chambord / Jean-Talon,45.54484558,-73.61053616,,,,,,,,,,,,,,,,,,,,2327.6666666666665,,,,
6205,Milton / du Parc,45.50971,-73.57354000000001,,,,567.0,,,,870.0,,607.0,579.5,598.0,,634.625,617.7142857142857,657.0,911.75,1047.5,725.0,696.875,856.0,714.0,713.0,550.75
7054,Cote St-Paul / St-Ambroise,45.46766565,-73.59391784,,,,,,,,,,,,,,1566.0,,1299.0,1642.0,1364.0,1055.0,,,,,
6086,Murray / William,45.49351035,-73.561728,,,,581.0,,,,,,,,,,,589.0,351.0,834.0,,,,551.3333333333334,426.25,,
6349,Ryde / Charlevoix,45.4757434,-73.5646007,,,,,1421.0,,,,,,,,1944.0,,,,,,,,,,,
6373,7e avenue / St-Joseph,45.54722665,-73.56986985,,,,,,,,,,,,,,,,,,,1969.0,,,,,
6315,Métro Côte-des-Neiges (Jean-Brillant / de la Côte-des-Neiges),45.49595456,-73.62186044,,,,,,,,,,,,,,,,2454.0,,,2285.0,,,1420.0,,
6409,Lionel-Groulx / George-Vanier,45.48621939,-73.57374698,,,1071.0,,,,,,,,,,,,,,,,,,,,,
6167,Marquette / St-Grégoire,45.53703,-73.58584,,1927.0,,,,,,,,,,,,1901.0,,,1955.0,,,,,,,
7053,Ropery / Augustin-Cantin,45.48091407,-73.56846035,,1773.0,,,,,,,,,,613.0,,,,,,,,,,835.0,,
6356,de Monkland / Girouard,45.47710675,-73.621438,,,,1719.5,,,,,,,,,,,,,,,,,,1584.5,,
7039,du Mont-Royal / Augustin-Frigon,45.54376315,-73.56772006,,,,,,,,,,,,,,,,,,2437.0,,,,,,
6171,Wolfe / Robin,45.51958083,-73.56011599,,749.0,,,,,,,,,,1298.5,,1073.0,,,,,,,,,,
6327,Drolet / Faillon,45.53929344,-73.62077951,,,,,,,,,,,,,,,,,,,,,,,,
6713,30e avenue / St-Zotique,45.56822507,-73.57943594,,,,,,,,,,,,,,,,,,,,,,,,
6178,Rivard / Rachel,45.5222776,-73.5775906,,1405.0,,,,,,,,,1171.0,,1316.0,,,,,1253.0,1419.0,,1324.0,,,
7010,de Mayfair / Monkland,45.46027832,-73.63660857,,1653.0,,,,1903.0,,,,,,,,,,,,,,,,,,
6414,Laporte / St-Antoine,45.48050798,-73.58660951,,,854.0,,,,,,,,,,582.0,,,852.0,627.0,669.0,,,,,,
6711,Alexandra / Waverly,45.531938000000004,-73.61784200000001,,,,,,,,,,,,,,,,,,,,,,,,
6435,Victoria Hall,45.48129147,-73.60033035,624.0,579.0,787.0,601.0,,,,,886.0,1091.0,854.3333333333334,1958.0,1001.3333333333334,1549.25,1409.8,1054.5,1076.9166666666667,1289.6666666666667,1065.0,1509.5,1154.2,,1364.3333333333333,618.0
6367,3e avenue / Dandurand,45.547362,-73.57922099999999,,,,,,,,,,,,,,,,,,,,,1920.0,,,
6033,15e avenue / Beaubien,45.557770899999994,-73.58413786,,,,,,,,,,,,,,,,,,,,,,,,
6918,Marquette / des Carrières,45.53876952,-73.58867884,,,,,,,,,,,,,,,,,,,,,,,,
6347,Métro St-Michel (Shaughnessy / St-Michel),45.559199,-73.59965799999999,,,,,,,,,,,,,,,,,,,,,,,,
6236,Laurier / de Bordeaux,45.5372588,-73.57917041,,,,,,,,,,,,1712.0,,,,,,,,,,,,
6306,Métro Édouard-Montpetit (du Mont-Royal / Vincent-d'Indy),45.510086,-73.611429,,,,,,,,,,,,,,,,,,,,,,,,
6068,Mansfield / Sherbrooke,45.50297,-73.57505,,,,,,,,,,,,,,379.6666666666667,662.0,284.6666666666667,,384.0,,,,304.5,,873.0
6913,Drolet / Beaubien,45.533348,-73.605834,,,,,,,,,,,,,,,,,,,,,,,,
6921,Augustin-Cantin / Shearer,45.48401829,-73.56343659999999,,913.0,,,,,,,,,1484.5,,,,,,,,,,,,,
6905,Parc Rosemont (Dandurand / d'Iberville),45.544377000000004,-73.581018,,,,,,,,,,,,,,,,,,,,,,,,
7071,St-Mathieu / Sherbrooke,45.4957891,-73.58259559,,,,272.0,,169.0,,,,,,,,,,,368.0,,306.0,206.0,,154.0,,718.0
6360,8e avenue / Beaubien,45.553215,-73.58752,,,,,,,,,,,,,,,,,,,,,,,,
7079,Gauvin / Notre-Dame,45.50004273,-73.56041238,1587.0,557.0,645.0,,,,,,,,,576.0,,668.0,,533.0,980.75,,521.0,712.5,546.0,,,1029.5
6416,Notre-Dame-de-Grâce / Décarie,45.47735334,-73.61537218,,,1440.0,,,,,,,,,,,,,,,1031.0,,,,1096.0,,
6053,Belmont / du Beaver Hall,45.502326000000004,-73.565138,,,,,,,,,503.0,,382.0,,379.0,492.0,,,473.0,,,,,,,
6265,Parthenais / Laurier,45.53925853,-73.57745916,,,,,,,,,,,,,,,,,,,,,,,,
7072,Beaudry / Sherbrooke,45.52303493,-73.56539458,,,,735.0,,,,,,,,1451.0,1020.0,,,,,1188.0,,,,,,
6311,Drolet / St-Zotique,45.53488214,-73.60941231,,,,,,,,,,,,,,,,,,,,,,,,
6721,Métro Cadillac (Sherbrooke / de Cadillac),45.57696323,-73.54683638,,,,,,,,,,,,,,,,,,,,,,,,
6722,Pierre-de-Coubertin / Louis-Veuillot,45.57278891,-73.54031324,,,,,,,,,,,,,,,,,,,,,,,2587.0,
6904,Fabre / Beaubien,45.542055,-73.59779300000001,,2169.0,,,,,,,,,,,,,,,,,,,,,,
6737,Jacques-Casault / Christophe-Colomb,45.552122999999995,-73.630103,,,,,,,,,,,,,,,,,,,,,,,,
6398,Desjardins / Ontario,45.55117291,-73.54101062,,,,,,,,,,,,,,,,,,,,,,,,
6249,Bélanger / St-Denis,45.53696,-73.61199,,,,,,,,,,,,,,,,,,,,,,,,
6344,St-Dominique / Jean-Talon,45.53524655,-73.61771241,,,,,,,,,,,,,,,,,,,,,,,,
6415,Wilson / Sherbrooke,45.4703,-73.6162,,,1447.0,,,,,,,,,,,,1671.0,1526.5,1250.0,,1209.0,,1350.25,,,
6753,Centre ÉPIC (St-Zotique / 40e avenue),45.57414704,-73.57462138,,,,,,,,,,,,,,,,,,,,,,,,
6264,Chabot / de Bellechasse,45.54256975,-73.59214425,,,,,,,,,,,,,,,,,,,,,,,,
6257,de St-Vallier / St-Zotique,45.53626118,-73.6075455,,,,,,,,,,,,,,,,,,,,,,,,
6917,Basile-Routhier / Chabanel,45.54986843,-73.64765659,,,,,,,,,,,,,,,,,,,,,,,,
6269,Wurtele / de Rouen,45.53762781,-73.55339438,,,,,,,,,,,,,,,,,,,,,,,,
6198,Hélène-Baillargeon / St-Denis,45.529740000000004,-73.59527,,,,,,,,,,,,,,,,1759.0,,,,,,,,
6081,St-Alexandre / Ste-Catherine,45.50531355,-73.56755376,519.0,606.0,576.0,,,,,,,,,,687.0,,507.0,700.0,,504.0,548.8,509.0,587.5,557.8333333333334,832.0,
6709,Le Caron / Marc-Sauvalle ,45.461684999999996,-73.584039,,,,,,,,,,,,1382.0,,,,,,,,1182.0,1721.0,,,
6747,Waverly / St-Zotique,45.53050526,-73.61470833,,,,,,,,,,,,,,,,,,,1750.0,,,,,
6279,Louis-Hébert / Bélanger,45.55158519,-73.59916493,,,,,,,,,,2521.0,,,,,,,,,,,,,,
5007,Métro Longueuil - Université de Sherbrooke,45.52331869,-73.52012694,,,,1975.0,,,,,,,,,,,,,,,,,,,,
6145,St-Hubert / Roy,45.52105068,-73.57113719,,,,,,,,,,,,,,,1288.0,,1308.0,1295.0,,1394.6666666666667,,,,
7059,Argyle / Bannantyne,45.45324567,-73.57681476,,,,,,,,,,,,,,,,,,,1446.0,,,,,
7042,Alexandra / Jean-Talon,45.53233065,-73.62018675,,,,,,,,,,,,,,,,,,,,,,,,
6343,Marquette / Villeray,45.55068362,-73.61529306,,,,,,,,,,,,,,,,,,,,,,,,
7004,Émile-Journault / de Chateaubriand,45.54983321,-73.64063255,,,,,,,,,,,,,,,,,,,,,,,,
6123,Alexandre-DeSève / la Fontaine,45.52327641,-73.55821833,,,,,,,,,,,,,,,,,,,,,,,,
7058,Gordon / Wellington,45.46107799,-73.567307,1160.5,,,,,,,,,,,,,,,,,1498.0,1507.0,1759.0,1870.0,,,
6125,Ellendale / de la Côte-des-Neiges,45.499757,-73.62929799999999,,,,,,,,,,,1633.0,,,,,,,,,,,,,
6413,Union / Cathcart,45.50342378,-73.5684818,,,,,,,,325.5,,,353.0,459.0,501.8,,491.0,601.0,531.5,530.6666666666666,480.0,405.75,,856.5,,
6385,de Bordeaux / Gilford,45.53611005,-73.57628703,,,,,,,,,,,,,,,,,,,,,,,,
7002,Tolhurst / Fleury,45.54410128,-73.66738558,,,,,,,,,,,,,,,,,,,,,,,,
7008,Rousselot / Jarry,45.55076908,-73.62091094,,,,,,,,,,,,,,,,,,,,,,2580.0,,
6429,Place du Commerce,45.46714,-73.54259,,,,,,,,,,,,,,,,1793.0,,,,,,,,
6354,Marcil / Sherbrooke,45.471743,-73.613924,,,1007.0,1209.0,,,,,,,,,,1491.5,1417.0,,1074.0,1402.3333333333333,862.0,1247.6666666666667,1008.0,1475.0,3513.0,
7050,Ottawa / William,45.48954486,-73.56413931,,,,384.0,,,,,,,1758.0,395.0,,,931.0,831.625,524.5,696.5,,472.0,1025.0,,,
6732,Fortune / Wellington,45.477923,-73.559038,,,,,,,,,,,,,,,,,704.0,,,1224.0,,,,
6024,Parthenais / Sherbrooke,45.5324031,-73.56236637,,,,,,,,,,,,,,,,,,,,,,,,
7003,George-Baril / Sauvé,45.55659147,-73.65267634,,,,,,,,,,,,,,,,,,,,,,,,
6422,Fleury / Lajeunesse,45.5536,-73.6616,,,,,,,,,,,,,,,,,,,,,,,,
7022,Durocher / Bernard,45.5223176,-73.60693127,,,,,,,,,,,,,,,1393.0,,,,,,,1272.0,,
6016,Jacques-Le Ber / de la Pointe Nord,45.472503,-73.53928499999999,,,,,,,,,,,,,,,,,,,,,,,,
7016,Métro Langelier (Sherbrooke / Langelier),45.58275716,-73.54244292,,,,,,,,,,,,,,,,,,,,,,,,
6115,Benny / de Monkland,45.46691425,-73.63170415,,,,,,,,,,,,,1546.0,,,1652.0,,,1527.0,,,,2505.0,
6703,Jardin Botanique (Pie-IX / Sherbrooke),45.55500446,-73.55535507,,,,,,,,,,,,,,,,,,,,,,,,
6421,Cartier / Rosemont,45.54124722,-73.59104455,,,,,,,,,,,,,,,,,,,,,,,,
6705,5e avenue / Bannantyne,45.456365000000005,-73.57614000000001,1609.0,,,,,,,,,,,,,,,1563.5,,,,,1911.0,,1679.0,
6369,U. Concordia - Campus Loyola (Sherbrooke / West Broadway),45.45750908,-73.63948524,,1464.0,2037.0,,,,,,1910.0,,,,1360.0,,1513.0,,2065.0,,2935.0,1648.3333333333333,1894.5,2040.6666666666667,,
6338,Boyer / Jarry,45.54732889,-73.62532854,,,,,,,,,,,,,,,,,,,,2604.0,,,,
6379,de l'Église / Bannantyne,45.46325354,-73.57587934,,,,,,,,,,,,,,,,,1271.0,,,,1208.0,,1002.0,
6075,University / des Pins,45.50798917,-73.57981682,,,,,,,,,,,,,,,670.0,,,,,,659.0,,,
6919,Bibliothèque de Rosemont (9e avenue / Rosemont),45.55201648,-73.5818553,,,,,,,,,,,,,,,,,,,,,,,,
7046,15e avenue / Rosemont,45.55581447,-73.57785344,,,,,,,,,,,,,,,,,,,,,,,,
6419,Beaucourt / de la Côte-Ste-Catherine,45.491513,-73.633649,,,,,,,,,,,,,,,4186.333333333333,,,1505.0,,,,,,
6189,Chabot / Everett,45.55072306,-73.60957056,,,,,,,,,,,,,,,,,,,,,,,,
6312,de Kent / de la Côte-des-Neiges,45.50144933,-73.63305062,,,,,,,,,,,,862.0,,,,,1205.0,1808.0,1491.0,,,,,
6420,Métro Snowdon (de Westbury / Queen-Mary),45.48538473,-73.62814218,1971.0,,,,,,,1618.0,,,,,1528.5,,,,,,,,,,,
7063,Drolet / Jarry,45.54195463,-73.62994194,,,,,,,,,,,,,,,,,,,,,,,,
6240,Parc Kent (de Kent / Hudson),45.50572093,-73.62945914,,,,,,,,,,,,,,,,1296.0,,,,,,,,
6035,Viger / Chenneville,45.50531167,-73.56089115,,,,,,,,,,,,,,,,722.0,,,,,,1014.0,,
6719,Park Row O / Sherbrooke,45.46072936,-73.63407254,1927.0,,,,,,,,,,,,1742.0,,,,1571.6666666666667,,,,,,,
6716,Francis / Fleury,45.563947,-73.655573,,,,,,,,,,,,,,,,,,,,,,,,
6704,19e avenue / St-Zotique,45.561594,-73.585643,,,,,,,,,,,,,,,,,,,,,,,,
6726,Hamel / Sauvé,45.560742,-73.65041,,,,,,,,,,,,,,,,,,,,,,,,
7009,CHSLD Benjamin-Victor-Rousselot (Dickson / Sherbrooke),45.57379782,-73.55034471,,,,,,,,,,,,,,,,,,,,,,,,
6374,Laurier / 15e avenue,45.55321516,-73.56949568,,,,,,,,,,,,,,,,,,,,,,,,
6436,Argyle / Sherbrooke,45.48580087,-73.59579743,,692.0,631.0,,,,,,,,,,708.0,,,,1072.888888888889,462.0,,556.0,1119.0,,,
6739,de Repentigny / Sherbrooke,45.58077,-73.54476600000001,,,,,,,,,,,,,,,,,,,,,,,,
6302,Stuart / de la Côte-Ste-Catherine,45.51563409,-73.60671133,,,,,,,,,,,,,,,,,,,,,,,,
6357,12e avenue / St-Zotique,45.556905,-73.58925,,,,,,,,,,,,,,,,,,,,,,,,
5004,St-Charles / Grant,45.539823999999996,-73.508752,,,,,,,,,,,,,,,,,,,,,,,,
5002,St-Charles / Montarville,45.53368199,-73.51526074,,,,,,,,,,,,,,,,,,,,,,,,
6742,Briand / le Caron,45.462362,-73.59665,,,1405.5,,,,,,,,,,,2172.5,,,,1356.0,,,,,,
6001,Métro Champ-de-Mars (Sanguinet / Viger),45.51035068,-73.55650842,,,,,,,781.0,,1934.0,1095.75,,,,,,,,943.0,,588.0,,,,
6183,Laval / du Mont-Royal,45.52236458,-73.58414590000001,1227.0,,,,,,,,,,1059.0,,,,,1395.3333333333333,,,1875.0,,,955.0,,1018.0
6728,d'Outremont / Ogilvy,45.52687028,-73.62672329,,,,,,,,,,,,,,,,,,,,,,,,
7081,Lincoln / Lambert Closse,45.4913838,-73.58601272,317.6666666666667,,315.0,,258.0,233.0,254.0,283.5,250.0,,,286.0,676.0,,345.3333333333333,358.0,448.0,333.5,328.0,331.0,,326.6666666666667,,281.0
6096,Lucien L'Allier / St-Jacques,45.49356916,-73.56857568,,346.6666666666667,,,,,,,344.0,,,,250.0,338.0,350.0,1497.0,241.0,,,570.0,410.0,364.5,401.0,239.0
6021,de l'Hôtel-de-Ville / Sherbrooke,45.51456467,-73.5684067,611.0,,710.5,699.0,,,,,,1004.0,,,824.0,,,783.0,800.5,,1171.6666666666667,,599.0,,,585.5
6321,Gary-Carter / St-Laurent,45.53598469,-73.62254441,,,,,,,,,,,,,,,,1792.0,,,,,,,,
6091,Joseph-Manceau / René-Lévesque,45.49168652,-73.57676715,1368.0,158.0,231.5,168.0,177.0,,,,,,,,,379.6,229.0,204.5,247.0,241.0,225.6,210.0,255.66666666666666,240.25,200.4,343.0
7001,Ball / Querbes,45.53117751,-73.63213599,,,,,,,,,,,,,,,,,,,,,,,,
4002,Métro Place-des-Arts (de Maisonneuve / de Bleury),45.50619396,-73.56996775,,,,,,,,,433.0,482.5,466.8,515.3333333333334,484.3333333333333,450.5,476.0,489.6666666666667,504.5,546.3333333333334,464.2,506.3333333333333,592.8,,,
6009,Ste-Catherine / Labelle,45.5150383,-73.55920136,,1544.0,,761.0,,,,,1322.0,905.0,1009.375,914.0,886.0,902.0,,911.25,,,1129.0,1094.6666666666667,985.0,1133.5,1211.4,
5005,St-Charles / St-Sylvestre,45.53637796,-73.51264223,,,,,,,,,,,,,,,,,,,,,,,,
6162,Fullum / St-Joseph,45.5398326,-73.57555881,,,,,,,,,,,,,,,,,,,,,,,,
6745,de l'Épée / Jean-Talon,45.52793196,-73.62380505,456.0,,,,,,,,,,531.5,888.3333333333334,435.0,641.0,,484.5,515.0,368.0,733.5,515.1666666666666,614.0,528.0,786.875,
6253,Berri / Jean-Talon,45.53903178,-73.61431818,,,,,,,,,,,,,,,,,,,,,,,,
7061,Lajeunesse / de Castelnau,45.54039621,-73.61681789,,,,,,,,,,,,,,,,,,,,,,,,
6003,Clark / Evans,45.51100667,-73.56760204,555.0,583.5,,,1273.0,,,,,,,608.0,,710.5,711.0,699.4,805.3,725.5,682.0,613.0,820.0,641.4,752.2,
6305,Davaar / de la Côte-Ste-Catherine,45.514379,-73.610871,,,,,,,,,,,,,,,,,,,,,2219.0,,,
5003,Place Longueuil,45.52841044,-73.51716578,,,,,,,,,,,,,,,,,,,,,,,,
6322,St-Dominique / Gounod,45.53873795,-73.62802148,,,,,,,,,,,,,,,,,,,,,,,,
6406,Marché Atwater,45.48020823,-73.57759863,,,681.3333333333334,,,,,947.5,716.6666666666666,891.75,,967.0,,1167.5714285714287,1164.5,1052.25,1214.6666666666667,1445.625,995.25,800.6666666666666,717.0,,857.0,
6019,Métro Sherbrooke (de Rigaud / Berri),45.51799894,-73.56818408,,,,,,,,,,,,,,1440.4,,,1566.0,1318.0,760.0,,,1061.0,926.0,
5006,Collège Édouard-Montpetit (de Gentilly / de Normandie),45.53722604,-73.49506706,,,,,,,,,,,,,,,,,,,,,,,,
6725,Métro Monk (Allard / Beaulieu),45.45085122,-73.5940272,,,,,,,,,,,,,,,,,,,,,,1779.0,,
7056,Bibliothèque de Verdun (Brown / Bannantyne),45.44826205,-73.57785612,1841.0,,1526.0,,,,,,,,,,,,,,,,,,,1833.0,,
6136,Métro Laurier (Rivard / Laurier),45.52761627,-73.5891147,,,,,,,,,,,,,,,,,1495.0,,1807.5,,,,,
7073,Logan / de Champlain,45.52319433,-73.55584256,,,,1066.0,,,,,,,,,1170.0,,,,,,,1795.3333333333333,,,,
6122,Logan / d'Iberville,45.530570000000004,-73.54913,,,,,,,,,,,,1781.0,,,1501.0,,,,,,,,,
7048,Métro Angrignon,45.44653424,-73.60354088,,,,,,,,,,,,,,,,,,,,,2992.0,,,
6715,Natatorium (LaSalle / Rolland),45.44440817,-73.5755682,,,,1334.0,,,,,,,2344.0,,2230.0,,,,,,,,,,,
6707,Métro Jolicoeur (Drake / de Sève),45.456497999999996,-73.58214363,,,,,,,,,,,,,,,,,,,,,,,,
6754,Eadie / Dubois,45.45759682,-73.5905286,,,,,,,,,,,,,,2096.0,1401.0,,,,,,,,,1524.0
6426,Métro Verdun (Willibrord / de Verdun),45.45948769,-73.57209206,,1430.0,,,,,,,,,,,,,,,1883.0,1615.0,,,1201.0,,2170.0,
6128,Hogan / Ontario,45.53529548,-73.55116009999999,,,,,,,,,,,,,,,,,,,,2020.0,,1988.3333333333333,,
6386,Métro Préfontaine (Moreau / Hochelaga),45.54143508,-73.55431437,,,,,,,,,,,,,,,,,,,,,1635.0,1847.0,1728.0,
6316,Swail / Decelles,45.49705494,-73.61865252,,,1263.0,,,,,,,,,,,1078.0,,,,1968.0,,,,,,
6263,de Hampton / de Monkland,45.4711616,-73.62720609,,984.0,,1392.0,,,,,,,,,,,,2280.0,,,,1396.0,,,,
6133,Terrasse Mercure / Fullum,45.53569003,-73.56592298,,,,,,,,,,,,2004.5,,1717.0,,,1576.0,,,,,,,
7012,Louis-Colin / McKenna,45.50006811,-73.61786127,,,,,,,,,,,,,,,,,,,,,,2146.5,1544.0,1746.0
6423,Hôpital général juif (de la Côte Ste-Catherine / Légaré),45.496302,-73.62982199999999,,,,,,,,,,,,,,,,,,,,,,,,
7015,Parc des Rapides (LaSalle / 6e avenue),45.42947144,-73.59309916,,,2252.0,3027.0,,,,,,,,,,,,,,,,,,,,
6366,Wilderton  / Van Horne,45.510042,-73.624835,,,,,,,,,,,,,,,,,,,,,,,,
6080,Marlowe / de Maisonneuve,45.47393028,-73.60473454,894.8,890.3333333333334,977.0,,,,,,,,,931.3333333333334,1029.0,,892.0,1094.4285714285713,888.0,954.0,923.0,1139.0,920.6,814.2,985.0,1216.3
7011,Girouard / de Terrebonne,45.47843159,-73.62489939,,,1412.0,1830.5,,,,,,,,,,,1095.0,,,,,,,,,
6736,Métro Henri-Bourassa (Henri-Bourassa / Millen),45.55675103,-73.66716161,,,,,,,,,,,,,,,,,,,,,,,,
6714,LaSalle / Sénécal,45.43443353,-73.586694,,,,,,,,,,,,,,,,,,,,,,,,
7007,Gare Canora (Jean-Talon / Canora),45.51378024,-73.63246322,,,,,,,,,,,,,,,,,,,,,,,,
6746,Métro Acadie (de l'Acadie / Beaumont),45.52357479,-73.62344295,,,,,,,,,,,,,,,,,,,,,,,,
6363,de la Côte St-Antoine / Royal,45.46892698,-73.61987025,,,1387.0,,,,,,,1366.0,,,,1210.0,,,2405.5,1174.0,,1490.0,1263.5,1215.0,,
6930,Paul Boutet / des Regrattiers,45.55984236,-73.61544728,,,,,,,,,,,,,,,,,,,,,,,,
6226,Hôpital Maisonneuve-Rosemont (Rosemont / Chatelain),45.575707,-73.561562,,,,,,,,,,,,,,,,,,,,,,,,
7023,CHSLD St-Michel (Jarry / 8e avenue),45.56169027,-73.61051202,,,,,,,,,,,,,,,,,,,,,,,,
6078,de Bleury / Mayor,45.50677517,-73.56774151,,,,,,,,,,341.0,659.0,853.6,980.4444444444445,825.3333333333334,594.75,562.8,656.8,601.875,878.125,574.0,817.75,518.6666666666666,569.3333333333334,560.0
6097,Ste-Catherine / St-Marc,45.4928974,-73.58029425,204.0,,,325.0,,,,,,250.0,163.0,,603.0,238.5,684.4,227.0,278.2,294.6,225.25,532.3333333333334,252.4,334.3333333333333,170.0,462.0
6395,Métro Viau (Pierre-de-Coubertin / Sicard),45.55997758,-73.54779124,,,,,,,,,,,,,,,,,,,,,,,,
4001,Parc Plage,45.50262859,-73.52774978,,,,,,,,,,,,,,,,,,517.0,,,,,,
6034,St-Urbain / René-Lévesque,45.50797476,-73.56307179,,,,,,,,,,,1291.6666666666667,821.0,525.0,1452.0,696.0,1114.5,834.0,855.6666666666666,762.5,,,795.0,,
7045,Casgrain / Mozart,45.53472726,-73.61479282,,,,,,,,,,,,,,,,,,,,,,,,
6099,Crescent / de Maisonneuve,45.49815109,-73.57760936,159.0,,824.0,101.5,,,,,,181.0,77.66666666666667,135.0,160.0,79.0,170.0,,88.0,71.0,235.5,695.0,,,74.0,554.0
7064,Clark / de Liège,45.53998385,-73.63813475,,,,,,,,,,,,,,,,,,,,,,,,
6501,Parc Jean-Drapeau,45.51398578,-73.53429437,,,,,,,,,,2466.0,,2961.0,,,2902.3333333333335,2141.5,2544.6666666666665,,,,,,,
6389,Boyer / Jean-Talon,45.54158631,-73.61248076,,,,,,,,,,,,,,,,,,,,,,,,
6323,Guizot / St-Laurent,45.5396316,-73.63444805,,,,,,,,,,,,,,,,,,,,,,,,
6723,26e avenue / Beaubien,45.564944,-73.577639,,,,,,,,,,,,,,,,,,,,,,,,
6502,Casino de Montréal,45.5063732,-73.52457672,,,,,,,,,,,,2202.0,,,,,1734.0,,,,,,,
6228,Waverly / Van Horne,45.527363,-73.607723,,,,,,,,,,,,,,,,,,,,,,,,
6731,28e avenue / Rosemont,45.564353000000004,-73.571244,,,,,,,,,,,,,,,,,,,,,,,,
6109,Quai de la navette fluviale,45.51374144,-73.53838205,,,,,,,,,,,,2458.5,,2127.0,,,,,,,,,,
6504,La Ronde,45.52156537,-73.53533238,,,,,,,,,,,2318.0,,,,,,3470.5,,,,1942.5,,,
6212,de l'Esplanade / Duluth,45.51528827,-73.58124912,,,,,,,,,,,,,,,,1715.5,846.0,,2983.0,,,,701.0,
7021,Dollard / Van Horne,45.51915287,-73.6164692,,,,,,,,,,,,,,,,,,,,,,,,
6741,Canning / Notre-Dame,45.48631864,-73.57023329,,,,,,,,,,,,,,,,,,,707.0,733.0,552.0,,,318.0
7044,Hôpital Santa Cabrini (St-Zotique / Jeanne-Jugan),45.57932497,-73.57050419,,,,,,,,,,,,,,,,,,,,,,,,
6332,de Gaspé / de Liège,45.54248521,-73.63634169,,,,,,,,,,,,,,,,,,,,,,,,1977.0
6717,de Kent / Victoria,45.49456403,-73.63870203,,,,,,,,,,,,,,,,,,,,,1846.0,,,
6503,Métro Parc  (Ogilvy / Hutchison),45.5303513,-73.62439245,,,,,,,,,,,,,,,,,,1842.0,2155.0,,,,,
6121,du Havre / de Rouen,45.53456257,-73.55478646,,,,,,,,,,,,,,1807.0,,,,,1428.0,,,,,
6359,Ste-Catherine / Clark,45.50956874,-73.56413662,,643.0,,,,,,,,,1311.0,1252.75,522.0,,1057.5,879.6666666666666,857.6666666666666,605.0,,679.0,1068.25,1035.0,550.0,421.0
7013,Benny / Sherbrooke,45.464877,-73.62659723,1122.0,2628.0,,,,,1207.0,,,,,,,,2072.0,,1068.0,1497.8,1607.6666666666667,1669.1666666666667,1453.625,1346.1666666666667,1181.0,
6139,Gauthier/ Des Érables,45.532415,-73.564708,,,,,,,,,,,,,,,,,,,,,,,,
6022,Molson / William-Tremblay,45.54144718,-73.56500031,,,,,,,,,,,,,,,,,,,,,,,,
6088,Guy / Notre-Dame,45.489951,-73.567091,414.3333333333333,241.0,,,,,,,415.0,,369.0,,721.0,326.0,,417.0,356.1666666666667,527.0,479.75,1566.2,466.5,493.8,,725.0
6194,Métro Atwater (Atwater / Ste-Catherine),45.48947623,-73.58456567,368.75,369.0,346.5,316.0,,,,,881.5,330.14285714285717,359.14285714285717,481.6,425.35714285714283,386.6666666666667,452.5,454.5,397.8666666666667,418.375,378.0,489.9,374.75,369.7142857142857,321.0,527.25
7051,Jogues / Allard,45.44990081,-73.60025119,,,1540.0,,,,,,,,,,,,,,,,,,,,,
6724,Square Sir-Georges-Étienne-Cartier / St-Ambroise,45.47248577,-73.58355045,,,,,,,,,1363.5,,,,,,1089.5,1135.5,1221.0,1149.0,,,,,,
6037,St-Nicolas / Place d'Youville,45.50196686,-73.55515257,,,,,,,,,1247.0,,1034.5,,921.0,,,1032.5,1387.5,930.0,,,,,,
6743,St-Marc / Sherbrooke,45.494514,-73.58336800000001,,,,350.0,281.0,,,,,,,113.0,,170.0,921.0,742.0,197.0,179.0,133.0,970.0,208.0,336.0,199.0,
7014,Métro Université de Montréal,45.50363996,-73.61829042,,,,,,,,,,,,,,,,,,,,,,,,
6928,Jean-Brillant / McKenna,45.49876715,-73.61886978,,,,,,,,,,,,,,,,,,,,,,,,
6084,Duke / Brennan,45.49558135,-73.55371088,,,,,,,,,,,,,,,,,682.0,,,,,,,
7082,Métro Lionel-Groulx (Atwater / Lionel-Groulx),45.48294127,-73.57974172,,704.0,,,,,,441.0,,602.0,427.0,,,626.0,,503.0,698.0,535.0,631.0,,,,,
7034,Atwater / Greene,45.48049514,-73.57782662,560.0,,,,,,,,612.0,529.0,591.0,1339.6666666666667,1013.0,878.0,840.6666666666666,,787.0,791.0,645.3333333333334,786.0,919.0,644.0,,508.0
